T,Duration,Acceleration
1,5354,1
2,3264,1.64032
3,2697,1.98517
4,1769,3.02657
