T,Duration,Acceleration
1,3777.8,1
2,2485,1.52024
3,2365.1,1.59731
4,2788.5,1.35478
